<application>
  <component name="Translation.Cache">
    <option name="lastTrimTime" value="1696563342419" />
  </component>
  <component name="Translation.Settings">
    <option name="primaryLanguage" value="AUTO" />
    <option name="translator" value="YOUDAO" />
    <option name="youdaoTranslateSettings">
      <youdao-translate>
        <option name="appId" value="0767a21482c1e4e0" />
      </youdao-translate>
    </option>
  </component>
  <component name="Translation.States">
    <histories>
      <item value="name" />
      <item value="partition" />
      <item value="static" />
      <item value="class" />
    </histories>
    <option name="languageScores">
      <map>
        <entry key="CHINESE" value="5" />
        <entry key="ENGLISH" value="5" />
      </map>
    </option>
  </component>
</application>