<keymap version="1" name="Visual Studio copy" parent="Visual Studio">
  <action id="ActivateDatabaseToolWindow" />
  <action id="ActivateProjectToolWindow">
    <keyboard-shortcut first-keystroke="ctrl i" />
  </action>
  <action id="ActivateTerminalToolWindow">
    <keyboard-shortcut first-keystroke="ctrl alt i" />
  </action>
  <action id="Adtui.ZoomInAction" />
  <action id="Adtui.ZoomOutAction" />
  <action id="Adtui.ZoomToActualAction" />
  <action id="Adtui.ZoomToFitAction" />
  <action id="Arrangement.Rule.Edit" />
  <action id="AutoIndentLines" />
  <action id="Back">
    <keyboard-shortcut first-keystroke="ctrl minus" />
  </action>
  <action id="ChangeSignature" />
  <action id="ChangesView.GroupBy.Directory" />
  <action id="ChangesView.Rename" />
  <action id="CloseAllEditors">
    <keyboard-shortcut first-keystroke="ctrl k" second-keystroke="ctrl w" />
  </action>
  <action id="CloseAllEditorsButActive">
    <keyboard-shortcut first-keystroke="ctrl alt t" />
  </action>
  <action id="CloseContent">
    <keyboard-shortcut first-keystroke="ctrl w" />
  </action>
  <action id="CodeCompletion" />
  <action id="CommentByBlockComment">
    <keyboard-shortcut first-keystroke="shift ctrl slash" />
  </action>
  <action id="CommentByLineComment">
    <keyboard-shortcut first-keystroke="ctrl slash" />
  </action>
  <action id="CompareTwoFiles" />
  <action id="Console.Execute.Multiline" />
  <action id="Console.Jpa.GenerateSql" />
  <action id="Console.TableResult.CompareCells" />
  <action id="Console.TableResult.EditValue">
    <keyboard-shortcut first-keystroke="enter" />
    <keyboard-shortcut first-keystroke="alt enter" />
  </action>
  <action id="Console.TableResult.NextPage" />
  <action id="Console.TableResult.PreviousPage" />
  <action id="Console.TableResult.Submit" />
  <action id="DSM.ZoomIn">
    <keyboard-shortcut first-keystroke="ctrl add" />
  </action>
  <action id="DatabaseView.Ddl.AlterObject" />
  <action id="Debugger.EditArrayFilter" />
  <action id="Debugger.EditCustomField" />
  <action id="Diff.ShowDiff" />
  <action id="Diff.ShowSettingsPopup" />
  <action id="DirDiffMenu.SynchronizeDiff.All" />
  <action id="DuplicatesForm.SendToLeft" />
  <action id="EditorCompleteStatement" />
  <action id="EditorDeleteLine">
    <keyboard-shortcut first-keystroke="shift ctrl k" />
  </action>
  <action id="EditorDuplicate">
    <keyboard-shortcut first-keystroke="shift ctrl d" />
  </action>
  <action id="EditorSelectWord" />
  <action id="EditorStartNewLine">
    <keyboard-shortcut first-keystroke="ctrl enter" />
  </action>
  <action id="EditorStartNewLineBefore">
    <keyboard-shortcut first-keystroke="shift ctrl enter" />
  </action>
  <action id="EditorToggleShowWhitespaces" />
  <action id="EditorUnSelectWord">
    <keyboard-shortcut first-keystroke="shift ctrl w" />
  </action>
  <action id="ExpandAll">
    <keyboard-shortcut first-keystroke="ctrl add" />
  </action>
  <action id="ExpandExpandableComponent">
    <keyboard-shortcut first-keystroke="shift enter" />
    <keyboard-shortcut first-keystroke="ctrl add" />
  </action>
  <action id="ExternalSystem.ExpandAll">
    <keyboard-shortcut first-keystroke="ctrl add" />
  </action>
  <action id="ExtractMethod" />
  <action id="FileChooser.GotoDesktop" />
  <action id="FileChooser.GotoHome" />
  <action id="FileChooser.TogglePathShowing" />
  <action id="FileStructurePopup">
    <keyboard-shortcut first-keystroke="ctrl o" />
  </action>
  <action id="FindNext">
    <keyboard-shortcut first-keystroke="f3" />
    <keyboard-shortcut first-keystroke="ctrl alt page_down" />
  </action>
  <action id="FindPrevious">
    <keyboard-shortcut first-keystroke="shift f3" />
    <keyboard-shortcut first-keystroke="ctrl alt page_up" />
  </action>
  <action id="Forward">
    <keyboard-shortcut first-keystroke="ctrl equals" />
  </action>
  <action id="Git.Rename.Local.Branch" />
  <action id="Git.Reword.Commit" />
  <action id="GotoBookmark1" />
  <action id="GotoFile" />
  <action id="Graph.ActualSize">
    <keyboard-shortcut first-keystroke="ctrl divide" />
  </action>
  <action id="GuiDesigner.EditComponent" />
  <action id="GuiDesigner.EditGroup" />
  <action id="GuiDesigner.ShrinkSelection">
    <keyboard-shortcut first-keystroke="shift ctrl w" />
  </action>
  <action id="Images.Editor.ActualSize">
    <keyboard-shortcut first-keystroke="ctrl divide" />
  </action>
  <action id="Images.Editor.ZoomIn">
    <keyboard-shortcut first-keystroke="ctrl add" />
  </action>
  <action id="ImplementMethods" />
  <action id="IncrementalSearch" />
  <action id="Inline" />
  <action id="InsertLiveTemplate">
    <keyboard-shortcut first-keystroke="ctrl j" />
  </action>
  <action id="IntroduceField" />
  <action id="IntroduceParameter" />
  <action id="IntroduceProperty" />
  <action id="IntroduceVariable" />
  <action id="KotlinShellExecute" />
  <action id="Maven.ExpandAll">
    <keyboard-shortcut first-keystroke="ctrl add" />
  </action>
  <action id="Move" />
  <action id="MoveLineDown">
    <keyboard-shortcut first-keystroke="ctrl alt down" />
  </action>
  <action id="MoveLineUp">
    <keyboard-shortcut first-keystroke="ctrl alt up" />
  </action>
  <action id="MoveStatementDown">
    <keyboard-shortcut first-keystroke="shift ctrl down" />
  </action>
  <action id="MoveStatementUp">
    <keyboard-shortcut first-keystroke="shift ctrl up" />
  </action>
  <action id="NextOccurence" />
  <action id="NextTab">
    <keyboard-shortcut first-keystroke="ctrl alt right" />
  </action>
  <action id="OpenFile" />
  <action id="ParameterInfo">
    <keyboard-shortcut first-keystroke="ctrl alt p" />
  </action>
  <action id="PreviousOccurence" />
  <action id="PreviousTab">
    <keyboard-shortcut first-keystroke="ctrl alt left" />
  </action>
  <action id="Print" />
  <action id="ProblemsView.ExpandAll">
    <keyboard-shortcut first-keystroke="ctrl add" />
  </action>
  <action id="RenameElement">
    <keyboard-shortcut first-keystroke="f2" />
  </action>
  <action id="ReopenClosedTab">
    <keyboard-shortcut first-keystroke="shift ctrl t" />
  </action>
  <action id="Replace">
    <keyboard-shortcut first-keystroke="ctrl r" />
  </action>
  <action id="ResizeToolWindowDown" />
  <action id="ResizeToolWindowUp" />
  <action id="ResourceExplorer.show" />
  <action id="Resume">
    <keyboard-shortcut first-keystroke="f8" />
  </action>
  <action id="RiderBackendAction-EncapsulateField" />
  <action id="Run">
    <keyboard-shortcut first-keystroke="alt r" />
  </action>
  <action id="SafeDelete">
    <keyboard-shortcut first-keystroke="alt delete" />
  </action>
  <action id="SearchEverywhere">
    <keyboard-shortcut first-keystroke="ctrl p" />
  </action>
  <action id="SelectNextOccurrence">
    <keyboard-shortcut first-keystroke="ctrl d" />
  </action>
  <action id="SendEOF" />
  <action id="ServiceView.GroupByContributor" />
  <action id="ServiceView.GroupByServiceGroups" />
  <action id="ShelvedChanges.Rename" />
  <action id="ShowBookmarks">
    <keyboard-shortcut first-keystroke="ctrl back_quote" />
    <keyboard-shortcut first-keystroke="ctrl k" second-keystroke="w" />
  </action>
  <action id="ShowSettings">
    <keyboard-shortcut first-keystroke="ctrl semicolon" />
  </action>
  <action id="SmartSelect" />
  <action id="SmartUnSelect">
    <keyboard-shortcut first-keystroke="shift ctrl w" />
  </action>
  <action id="SplitChooser.Duplicate" />
  <action id="SplitVertically">
    <keyboard-shortcut first-keystroke="ctrl alt 4" />
  </action>
  <action id="SurroundWith">
    <keyboard-shortcut first-keystroke="ctrl k" second-keystroke="ctrl e" />
  </action>
  <action id="TableResult.GrowSelection" />
  <action id="TableResult.ShrinkSelection">
    <keyboard-shortcut first-keystroke="shift ctrl w" />
  </action>
  <action id="Terminal.SmartCommandExecution.Debug" />
  <action id="Terminal.SmartCommandExecution.Run" />
  <action id="TodoViewGroupByShowPackages" />
  <action id="TypeHierarchy">
    <keyboard-shortcut first-keystroke="ctrl h" />
  </action>
  <action id="Uml.ShowDiff" />
  <action id="UnsplitAll">
    <keyboard-shortcut first-keystroke="ctrl alt 3" />
  </action>
  <action id="UsageGrouping.Directory" />
  <action id="UsageGrouping.Package" />
  <action id="UsageGrouping.UsageType" />
  <action id="Vcs.Push" />
  <action id="Vcs.ShowMessageHistory" />
  <action id="ViewSource" />
  <action id="XDebugger.AttachToProcess" />
  <action id="XDebugger.EditWatch" />
  <action id="XDebugger.MuteBreakpoints">
    <keyboard-shortcut first-keystroke="ctrl f8" />
  </action>
  <action id="XDebugger.SetValue" />
  <action id="refactoring.introduce.property" />
</keymap>